Batch No.,Binder Type,Disintegration Type,Disintegrant Amount(%),Binder Amount(%),A_M,A_MCC,Punch Size(mm),Compressional Force(kN),Tablet Weight(mg),Hardness(kg/cm2),% Friability,Disin. Time
1,PVP,SSG,2,5,39,50,8,1.46,203.9,2.5,1.23,93
2,PVP,SSG,2,5,39,50,8,4.23,201.23,8.8,0.46,161
3,PVP,SSG,2,10,34,50,8,1.53,198.45,3.3,0.89,151
4,PVP,SSG,2,10,34,50,8,3.73,200.03,10.3,0.31,239
5,PVP,SSG,2,15,29,50,8,1.63,201.99,4.5,0.45,236
6,PVP,SSG,2,15,29,50,8,3.84,196.22,11.6,0.3,279
7,PVP,SSG,5,5,36,50,8,1.36,203.98,2,0.6,148
8,PVP,SSG,5,5,36,50,8,3.52,200.69,7.2,0.46,225
9,PVP,SSG,5,10,31,50,8,1.67,204.33,3.3,0.62,146
10,PVP,SSG,5,10,31,50,8,3.82,195.88,9.2,0.15,197
11,PVP,SSG,5,15,26,50,8,1.67,207.29,5.3,0.6,262
12,PVP,SSG,5,15,26,50,8,3.81,206.86,10.3,0.15,281
13,PVP,SSG,8,5,33,50,8,1.52,199.51,2.5,1.89,111
14,PVP,SSG,8,5,33,50,8,3.74,202.71,8.2,0.46,131
15,PVP,SSG,8,10,28,50,8,1.65,204,3.8,0.92,169
16,PVP,SSG,8,10,28,50,8,3.71,202.39,10.5,0.3,217
17,PVP,SSG,8,15,23,50,8,1.66,204.36,4.5,0.92,263
18,PVP,SSG,8,15,23,50,8,3.68,200.91,11.3,0.45,302
19,PVP,SSG,2,5,51.5,37.5,10,1.78,405.4,1.6,2.77,123
20,PVP,SSG,2,5,51.5,37.5,10,3.52,406.7,9.6,0.76,167
21,PVP,SSG,2,10,46.5,37.5,10,1.57,402.1,2,2.95,233
22,PVP,SSG,2,10,46.5,37.5,10,3.7,400,11.5,0.46,237
23,PVP,SSG,2,15,41.5,37.5,10,1.57,402.5,2.6,1.87,329
24,PVP,SSG,2,15,41.5,37.5,10,3.58,402.1,12.6,0.15,317
25,PVP,SSG,5,5,48.5,37.5,10,2.21,406.1,3.3,2.92,212
26,PVP,SSG,5,5,48.5,37.5,10,3.58,404.3,9.8,0.62,242
27,PVP,SSG,5,10,43.5,37.5,10,2.12,403.2,3.3,1.08,183
28,PVP,SSG,5,10,43.5,37.5,10,3.61,402.3,9.2,0.62,205
29,PVP,SSG,5,15,38.5,37.5,10,2.12,401,3.6,2.17,336
30,PVP,SSG,5,15,38.5,37.5,10,3.58,399,11.3,0.62,403
31,PVP,SSG,8,5,45.5,37.5,10,2.34,408,3.2,2.46,214
32,PVP,SSG,8,5,45.5,37.5,10,3.66,391.6,9,0.62,237
33,PVP,SSG,8,10,40.5,37.5,10,1.61,404.3,2.8,2.69,266
34,PVP,SSG,8,10,40.5,37.5,10,3.59,394.8,9.8,0.62,292
35,PVP,SSG,8,15,35.5,37.5,10,1.6,401.7,3.5,5.4,359
36,PVP,SSG,8,15,35.5,37.5,10,3.65,402.6,11.3,0.46,377
37,PVP,SSG,2,5,49.8,40,12,3.77,497.1,2.3,1.99,96
38,PVP,SSG,2,5,49.8,40,12,6.5,495,5.8,0.78,102
39,PVP,SSG,2,10,44.8,40,12,3.88,491.6,3.2,2.33,313
40,PVP,SSG,2,10,44.8,40,12,6.74,500,6.2,0.76,310
41,PVP,SSG,2,15,39.8,40,12,3.99,500.5,2.8,1.58,419
42,PVP,SSG,2,15,39.8,40,12,6.75,507,7,0.75,463
43,PVP,SSG,5,5,46.8,40,12,3.79,499.3,1.6,2.36,165
44,PVP,SSG,5,5,46.8,40,12,6.71,499.3,5.8,0.62,214
45,PVP,SSG,5,10,41.8,40,12,3.86,501.6,2.3,2.1,271
46,PVP,SSG,5,10,41.8,40,12,6.64,496.5,6.6,0.3,282
47,PVP,SSG,5,15,37.8,40,12,3.94,504.5,3.3,2.14,351
48,PVP,SSG,5,15,37.8,40,12,6.81,499,7.8,0.3,384
49,PVP,SSG,8,5,44.8,40,12,3.77,503.3,1.3,4.4,202
50,PVP,SSG,8,5,44.8,40,12,6.8,500.3,6.8,0.3,255
51,PVP,SSG,8,10,39.8,40,12,3.81,501.3,2.3,2.69,248
52,PVP,SSG,8,10,39.8,40,12,6.83,499.8,7.8,0.61,269
53,PVP,SSG,8,15,34.8,40,12,3.93,500.6,2.8,2.45,361
54,PVP,SSG,8,15,34.8,40,12,6.76,503.6,8.6,0.3,457
55,PVP,CCS,2,5,39,50,8,1.49,194.6,1.5,4.96,81
56,PVP,CCS,2,5,39,50,8,4.14,195,5.5,1.08,94
57,PVP,CCS,2,10,34,50,8,1.47,195.8,2.3,3.98,112
58,PVP,CCS,2,10,34,50,8,4.18,207.6,7,0.31,191
59,PVP,CCS,2,15,29,50,8,1.49,201.6,3.2,1.53,155
60,PVP,CCS,2,15,29,50,8,4.41,206,8.2,0.15,247
61,PVP,CCS,5,5,36,50,8,1.49,202.7,1.5,5.27,58
62,PVP,CCS,5,5,36,50,8,4.46,206,5.2,1.25,107
63,PVP,CCS,5,10,31,50,8,1.69,201,2.2,4.36,112
64,PVP,CCS,5,10,31,50,8,4.18,203.4,6.3,0.77,149
65,PVP,CCS,5,15,26,50,8,1.49,205,3.2,1.69,157
66,PVP,CCS,5,15,26,50,8,4.26,201.4,7.2,0.31,216
67,PVP,CCS,8,5,33,50,8,1.6,199.5,1,6.1,68
68,PVP,CCS,8,5,33,50,8,3.91,201.8,5.3,1.37,124
69,PVP,CCS,8,10,28,50,8,1.6,200.4,2,3.74,100
70,PVP,CCS,8,10,28,50,8,4.21,204,6.2,0.93,155
71,PVP,CCS,8,15,23,50,8,1.49,197.2,2.2,1.83,167
72,PVP,CCS,8,15,23,50,8,4.04,196,7,0.46,238
73,PVP,CCS,2,5,51.5,37.5,10,2.38,394.6,2.5,4.98,105
74,PVP,CCS,2,5,51.5,37.5,10,4.7,398,9.6,0.78,138
75,PVP,CCS,2,10,46.5,37.5,10,2.38,408,3.8,2.33,111
76,PVP,CCS,2,10,46.5,37.5,10,4.92,406.4,6.2,0.76,138
77,PVP,CCS,2,15,41.5,37.5,10,2.38,396,5,1.1,181
78,PVP,CCS,2,15,41.5,37.5,10,5,395.3,8.2,0.75,308
79,PVP,CCS,5,5,48.5,37.5,10,2.26,408.3,2,3.1,69
80,PVP,CCS,5,5,48.5,37.5,10,4.96,409,8.8,0.62,93
81,PVP,CCS,5,10,43.5,37.5,10,2.26,391.3,3.3,2.47,96
82,PVP,CCS,5,10,43.5,37.5,10,5.1,395,10.6,0.3,188
83,PVP,CCS,5,15,38.5,37.5,10,2.13,394,4.8,2.14,144
84,PVP,CCS,5,15,38.5,37.5,10,5.2,401.3,12.6,0.3,254
85,PVP,CCS,8,5,45.5,37.5,10,2,402.8,1.6,4.4,59
86,PVP,CCS,8,5,45.5,37.5,10,4.89,400.3,7.8,0.3,73
87,PVP,CCS,8,10,40.5,37.5,10,2.17,395,2.6,4.9,93
88,PVP,CCS,8,10,40.5,37.5,10,4.99,397.3,7.2,0.61,166
89,PVP,CCS,8,15,35.5,37.5,10,2.09,398,3.2,2.45,141
90,PVP,CCS,8,15,35.5,37.5,10,5.03,400.5,7.6,0.3,237
91,PVP,CCS,2,5,49.8,40,12,4.21,501,1.8,3.98,115
92,PVP,CCS,2,5,49.8,40,12,8.15,499.3,5.8,1.08,181
93,PVP,CCS,2,10,44.8,40,12,4.14,500.9,2.6,2.16,143
94,PVP,CCS,2,10,44.8,40,12,8.29,501.6,6.8,0.31,251
95,PVP,CCS,2,15,39.8,40,12,4.19,503.8,3.2,1.53,186
96,PVP,CCS,2,15,39.8,40,12,8.18,505,7.8,0.15,308
97,PVP,CCS,5,5,46.8,40,12,4.23,496,1.5,5.27,86
98,PVP,CCS,5,5,46.8,40,12,8.14,495,5.2,1.25,161
99,PVP,CCS,5,10,41.8,40,12,4.2,491,2.2,4.36,123
100,PVP,CCS,5,10,41.8,40,12,8.27,498,6.3,0.77,199
101,PVP,CCS,5,15,37.8,40,12,4.33,501,2.2,1.08,209
102,PVP,CCS,5,15,37.8,40,12,8.01,495,4.8,0.3,292
103,PVP,CCS,8,5,44.8,40,12,4.25,503,2,2.83,78
104,PVP,CCS,8,5,44.8,40,12,8.05,501,6.2,0.45,149
105,PVP,CCS,8,10,39.8,40,12,4.26,496,3.2,1.5,209
106,PVP,CCS,8,10,39.8,40,12,8.2,492,6.8,0.3,182
107,PVP,CCS,8,15,34.8,40,12,4.16,508,3.7,0.9,228
108,PVP,CCS,8,15,34.8,40,12,8.14,503,7.7,0.3,282
109,PVP,CP,2,5,39,50,8,1.71,203.6,2.7,1.53,80
110,PVP,CP,2,5,39,50,8,4.64,197.6,6.2,0.42,86
111,PVP,CP,2,10,34,50,8,1.64,201,3.3,1.08,131
112,PVP,CP,2,10,34,50,8,4.67,198.6,8.8,0.21,152
113,PVP,CP,2,15,29,50,8,1.69,201,3.5,0.75,208
114,PVP,CP,2,15,29,50,8,4.61,199,7.5,0.2,221
115,PVP,CP,5,5,36,50,8,1.71,195,2.2,1.83,52
116,PVP,CP,5,5,36,50,8,4.59,198,6.7,0.9,75
117,PVP,CP,5,10,31,50,8,1.69,201,4,1.03,106
118,PVP,CP,5,10,31,50,8,4.61,200,8.7,0.66,136
119,PVP,CP,5,15,26,50,8,1.76,197,4.7,0.9,153
120,PVP,CP,5,15,26,50,8,4.63,196.5,11,0.3,234
121,PVP,CP,8,5,33,50,8,1.65,200,2.2,1.53,49
122,PVP,CP,8,5,33,50,8,4.59,201,8.3,0.9,77
123,PVP,CP,8,10,28,50,8,1.69,198,3.8,1.03,113
124,PVP,CP,8,10,28,50,8,4.59,196,9.2,0.6,133
125,PVP,CP,8,15,23,50,8,1.76,200.5,4.3,0.75,189
126,PVP,CP,8,15,23,50,8,4.5,201,12.7,0.5,302
127,PVP,CP,2,5,51.5,37.5,10,2.58,400,2.8,2.51,79
128,PVP,CP,2,5,51.5,37.5,10,5.7,398,8.2,0.62,109
129,PVP,CP,2,10,46.5,37.5,10,2.52,399,3.7,1.8,161
130,PVP,CP,2,10,46.5,37.5,10,5.8,401.6,9.2,0.6,243
131,PVP,CP,2,15,41.5,37.5,10,2.44,405,3.7,0.9,302
132,PVP,CP,2,15,41.5,37.5,10,5.73,395,9.8,0.6,327
133,PVP,CP,5,5,48.5,37.5,10,2.33,402,1.8,4.96,153
134,PVP,CP,5,5,48.5,37.5,10,5.75,401.8,8.8,0.75,147
135,PVP,CP,5,10,43.5,37.5,10,2.34,405,2.7,3.98,264
136,PVP,CP,5,10,43.5,37.5,10,5.68,397,12.3,0.6,276
137,PVP,CP,5,15,38.5,37.5,10,2.38,400,3.2,0.95,329
138,PVP,CP,5,15,38.5,37.5,10,5.65,399,14.3,0.3,407
139,PVP,CP,8,5,45.5,37.5,10,2.45,402,3.8,5.27,154
140,PVP,CP,8,5,45.5,37.5,10,5.67,403,11,0.75,146
141,PVP,CP,8,10,40.5,37.5,10,2.35,398.7,4.7,1.08,197
142,PVP,CP,8,10,40.5,37.5,10,5.48,399,12.8,0.6,349
143,PVP,CP,8,15,35.5,37.5,10,2.37,406,5.2,0.9,376
144,PVP,CP,8,15,35.5,37.5,10,5.33,408,13.6,0.2,433
145,PVP,CP,2,5,49.8,40,12,3.8,498.4,1.8,3.64,143
146,PVP,CP,2,5,49.8,40,12,6.85,501,7.2,0.45,201
147,PVP,CP,2,10,44.8,40,12,3.85,496,2.7,2.96,203
148,PVP,CP,2,10,44.8,40,12,6.94,500.5,8,0.31,282
149,PVP,CP,2,15,39.8,40,12,3.78,498,3.2,1.48,291
150,PVP,CP,2,15,39.8,40,12,6.92,503,7,0.31,362
151,PVP,CP,5,5,46.8,40,12,3.85,496,1.7,3.78,156
152,PVP,CP,5,5,46.8,40,12,6.82,500,6.2,0.6,123
153,PVP,CP,5,10,41.8,40,12,3.86,498.4,3.3,2.91,334
154,PVP,CP,5,10,41.8,40,12,6.79,506,10,0.6,222
155,PVP,CP,5,15,37.8,40,12,3.88,497.6,4.5,1.08,493
156,PVP,CP,5,15,37.8,40,12,6.9,503,12.7,0.3,519
157,PVP,CP,8,5,44.8,40,12,3.78,512,2.7,4.12,101
158,PVP,CP,8,5,44.8,40,12,6.85,499,9.7,0.9,143
159,PVP,CP,8,10,39.8,40,12,3.77,500.5,3.7,3.03,216
160,PVP,CP,8,10,39.8,40,12,6.79,504.3,12,0.6,229
161,PVP,CP,8,15,34.8,40,12,3.76,497,4.5,0.9,292
162,PVP,CP,8,15,34.8,40,12,6.74,500,13.2,0.2,393
163,PVP,S1500,2,5,39,50,8,1.8,201.7,2.8,2.66,81
164,PVP,S1500,2,5,39,50,8,4.83,200,5.7,0.66,97
165,PVP,S1500,2,10,34,50,8,1.82,199.6,3.5,2,159
166,PVP,S1500,2,10,34,50,8,4.87,199,6.3,0.66,213
167,PVP,S1500,2,15,29,50,8,1.76,203.7,4,1.08,248
168,PVP,S1500,2,15,29,50,8,4.84,206,6.8,0.31,302
169,PVP,S1500,5,5,36,50,8,1.8,202,2,1.83,106
170,PVP,S1500,5,5,36,50,8,4.82,200.9,4.7,0.75,124
171,PVP,S1500,5,10,31,50,8,1.85,197,3,1.53,146
172,PVP,S1500,5,10,31,50,8,4.75,195,6.3,0.6,186
173,PVP,S1500,5,15,26,50,8,1.83,204,3.7,0.9,227
174,PVP,S1500,5,15,26,50,8,4.73,200,7.3,0.45,308
175,PVP,S1500,8,5,33,50,8,1.77,206,2,2.3,86
176,PVP,S1500,8,5,33,50,8,4.89,200.4,6.3,0.6,96
177,PVP,S1500,8,10,28,50,8,1.76,201,3.3,1.53,201
178,PVP,S1500,8,10,28,50,8,4.72,196,8.3,0.45,179
179,PVP,S1500,8,15,23,50,8,1.85,198.5,5,0.91,249
180,PVP,S1500,8,15,23,50,8,4.88,199,10.7,0.6,288
181,PVP,S1500,2,5,51.5,37.5,10,2.94,401,3.8,2.93,109
182,PVP,S1500,2,5,51.5,37.5,10,5.06,400.9,8,0.78,123
183,PVP,S1500,2,10,46.5,37.5,10,2.85,399,4.7,1.1,163
184,PVP,S1500,2,10,46.5,37.5,10,5.02,398.4,9.5,0.51,208
185,PVP,S1500,2,15,41.5,37.5,10,2.92,397,5.7,0.9,219
186,PVP,S1500,2,15,41.5,37.5,10,5.12,406,13.5,0.3,316
187,PVP,S1500,5,5,48.5,37.5,10,2.96,400.5,2,3.05,101
188,PVP,S1500,5,5,48.5,37.5,10,5.01,399,6.5,0.96,116
189,PVP,S1500,5,10,43.5,37.5,10,2.87,392,3.8,1.53,128
190,PVP,S1500,5,10,43.5,37.5,10,5.08,396,9.8,0.78,194
191,PVP,S1500,5,15,38.5,37.5,10,2.83,401,4,0.9,171
192,PVP,S1500,5,15,38.5,37.5,10,5.05,400.9,11,0.6,288
193,PVP,S1500,8,5,45.5,37.5,10,2.95,400,3.7,4.93,104
194,PVP,S1500,8,5,45.5,37.5,10,5,403.5,8.7,0.9,119
195,PVP,S1500,8,10,40.5,37.5,10,2.84,395,4.5,0.9,146
196,PVP,S1500,8,10,40.5,37.5,10,5.02,399.5,11.7,0.66,210
197,PVP,S1500,8,15,35.5,37.5,10,2.92,401.6,5,0.6,233
198,PVP,S1500,8,15,35.5,37.5,10,5.03,402,12.5,0.45,316
199,PVP,S1500,2,5,49.8,40,12,5.9,500,3.8,0.98,134
200,PVP,S1500,2,5,49.8,40,12,8.76,501,4.2,0.75,156
201,PVP,S1500,2,10,44.8,40,12,5.9,497,5,0.61,151
202,PVP,S1500,2,10,44.8,40,12,8.8,505,5.2,3,205
203,PVP,S1500,2,15,39.8,40,12,5.94,500.4,5.3,0.61,241
204,PVP,S1500,2,15,39.8,40,12,8.84,503.8,5.3,0.6,248
205,PVP,S1500,5,5,46.8,40,12,5.86,506.2,3.3,1.08,121
206,PVP,S1500,5,5,46.8,40,12,8.91,500.8,4.3,0.9,137
207,PVP,S1500,5,10,41.8,40,12,5.89,496.3,4.8,0.75,157
208,PVP,S1500,5,10,41.8,40,12,8.8,499,5.3,0.3,184
209,PVP,S1500,5,15,37.8,40,12,5.89,507,5.3,0.91,223
210,PVP,S1500,5,15,37.8,40,12,8.79,499,6.3,0.6,254
211,PVP,S1500,8,5,44.8,40,12,5.98,503,3.2,1.9,101
212,PVP,S1500,8,5,44.8,40,12,8.66,501,6,0.75,111
213,PVP,S1500,8,10,39.8,40,12,5.9,499.6,4.3,1.4,142
214,PVP,S1500,8,10,39.8,40,12,8.81,497.2,6.8,0.62,182
215,PVP,S1500,8,15,34.8,40,12,5.87,489,5,0.91,247
216,PVP,S1500,8,15,34.8,40,12,8.26,500.1,7.2,0.21,274
217,PS630,SSG,2,5,39,50,8,2.74,200,3.8,1,129
218,PS630,SSG,2,5,39,50,8,4.81,203.6,7.3,0.62,131
219,PS630,SSG,2,10,34,50,8,2.66,195,5,0.8,255
220,PS630,SSG,2,10,34,50,8,4.99,200.6,7.8,0.5,282
221,PS630,SSG,2,15,29,50,8,2.81,198.4,5.2,0.51,333
222,PS630,SSG,2,15,29,50,8,4.89,199,8.2,0.3,320
223,PS630,SSG,5,5,36,50,8,2.78,201,5.3,0.91,173
224,PS630,SSG,5,5,36,50,8,4.88,204,6.7,0.51,184
225,PS630,SSG,5,10,31,50,8,2.81,200,6.7,0.91,161
226,PS630,SSG,5,10,31,50,8,4.84,193.1,8.5,0.45,191
227,PS630,SSG,5,15,26,50,8,2.89,199.6,7,0.75,318
228,PS630,SSG,5,15,26,50,8,4.96,200.4,9.8,0.3,330
229,PS630,SSG,8,5,33,50,8,2.79,199,3.8,1.83,156
230,PS630,SSG,8,5,33,50,8,4.81,198,4.8,0.66,167
231,PS630,SSG,8,10,28,50,8,2.71,204,4.8,0.91,193
232,PS630,SSG,8,10,28,50,8,4.91,200,6.3,0.45,261
233,PS630,SSG,8,15,23,50,8,2.93,203,6,0.66,277
234,PS630,SSG,8,15,23,50,8,4.87,201,7.2,0.21,291
235,PS630,SSG,2,5,51.5,37.5,10,1.87,401,2.2,4.95,151
236,PS630,SSG,2,5,51.5,37.5,10,4.45,398,11.3,0.32,183
237,PS630,SSG,2,10,46.5,37.5,10,1.93,395,2.8,1.25,257
238,PS630,SSG,2,10,46.5,37.5,10,4.38,403,13.5,0.3,283
239,PS630,SSG,2,15,41.5,37.5,10,1.83,400,6,0.9,407
240,PS630,SSG,2,15,41.5,37.5,10,4.35,402,14.5,0.3,511
241,PS630,SSG,5,5,48.5,37.5,10,1.77,403,2.2,5.93,212
242,PS630,SSG,5,5,48.5,37.5,10,4.34,400,8.2,0.66,239
243,PS630,SSG,5,10,43.5,37.5,10,1.79,396,2.8,1.83,289
244,PS630,SSG,5,10,43.5,37.5,10,4.48,399,12.5,0.9,353
245,PS630,SSG,5,15,38.5,37.5,10,1.89,406,3.2,0.9,388
246,PS630,SSG,5,15,38.5,37.5,10,4.37,401,14.7,0.75,431
247,PS630,SSG,8,5,45.5,37.5,10,1.64,394,3.8,4.96,148
248,PS630,SSG,8,5,45.5,37.5,10,4.27,397,11.5,0.45,213
249,PS630,SSG,8,10,40.5,37.5,10,1.88,400.9,4.2,2.83,220
250,PS630,SSG,8,10,40.5,37.5,10,4.35,397.9,13.2,0.66,291
251,PS630,SSG,8,15,35.5,37.5,10,1.91,400.3,5.3,1.08,342
252,PS630,SSG,8,15,35.5,37.5,10,4.41,401,14.8,0.45,387
253,PS630,SSG,2,5,49.8,40,12,3.11,501,3.8,5.83,208
254,PS630,SSG,2,5,49.8,40,12,6.24,503,11.2,0.75,242
255,PS630,SSG,2,10,44.8,40,12,3.26,500,5.2,1.5,301
256,PS630,SSG,2,10,44.8,40,12,6.33,498,13,0.75,341
257,PS630,SSG,2,15,39.8,40,12,3.31,497,5.8,0.75,411
258,PS630,SSG,2,15,39.8,40,12,6.21,493,14.6,0.2,573
259,PS630,SSG,5,5,46.8,40,12,3.16,503,3.2,4.93,258
260,PS630,SSG,5,5,46.8,40,12,6.38,504,9.3,0.75,291
261,PS630,SSG,5,10,41.8,40,12,3.22,500.8,4.1,1.08,317
262,PS630,SSG,5,10,41.8,40,12,6.48,501.7,10.8,0.3,397
263,PS630,SSG,5,15,37.8,40,12,3.59,500.9,5.3,0.9,422
264,PS630,SSG,5,15,37.8,40,12,6.11,505.6,11.7,0.3,479
265,PS630,SSG,8,5,44.8,40,12,3.51,500,4.2,3.8,241
266,PS630,SSG,8,5,44.8,40,12,6.27,496,12.3,0.51,276
267,PS630,SSG,8,10,39.8,40,12,3.28,499,4.8,1,313
268,PS630,SSG,8,10,39.8,40,12,6.29,497,13.2,0.42,389
269,PS630,SSG,8,15,34.8,40,12,3.11,500.3,5.3,0.66,423
270,PS630,SSG,8,15,34.8,40,12,6.39,500.8,14.3,0.21,493
271,PS630,CCS,2,5,39,50,8,1.61,200.4,2.8,1.89,99
272,PS630,CCS,2,5,39,50,8,4.1,199.8,8.3,0.9,111
273,PS630,CCS,2,10,34,50,8,1.66,201,4.2,1.5,195
274,PS630,CCS,2,10,34,50,8,4.26,204.9,10,0.6,222
275,PS630,CCS,2,15,29,50,8,1.76,207.3,4.8,1.25,273
276,PS630,CCS,2,15,29,50,8,4.3,194,10.2,0.3,260
277,PS630,CCS,5,5,36,50,8,1.72,196,2,1.36,173
278,PS630,CCS,5,5,36,50,8,4.23,200,8.3,0.96,184
279,PS630,CCS,5,10,31,50,8,1.81,195.5,4.7,1.01,161
280,PS630,CCS,5,10,31,50,8,4.18,203.9,9.8,0.75,191
281,PS630,CCS,5,15,26,50,8,1.75,190.3,6.5,0.95,258
282,PS630,CCS,5,15,26,50,8,4.24,205,11.2,0.66,270
283,PS630,CCS,8,5,33,50,8,1.74,207,3.2,1.36,96
284,PS630,CCS,8,5,33,50,8,4.27,200,8.8,0.97,107
285,PS630,CCS,8,10,28,50,8,1.77,208.9,4.3,1.83,133
286,PS630,CCS,8,10,28,50,8,4.24,204.6,10.2,0.78,201
287,PS630,CCS,8,15,23,50,8,1.57,199.4,5.2,1.5,217
288,PS630,CCS,8,15,23,50,8,4.2,197,10.7,0.76,231
289,PS630,CCS,2,5,51.5,37.5,10,2.41,400.8,3.5,1.33,91
290,PS630,CCS,2,5,51.5,37.5,10,4.44,399.5,9,0.78,123
291,PS630,CCS,2,10,46.5,37.5,10,2.18,395,4.2,2.33,197
292,PS630,CCS,2,10,46.5,37.5,10,4.88,403.8,10.5,0.76,213
293,PS630,CCS,2,15,41.5,37.5,10,2.27,401.7,6.3,0.77,337
294,PS630,CCS,2,15,41.5,37.5,10,4.47,396,12.8,0.6,451
295,PS630,CCS,5,5,48.5,37.5,10,2.24,407,2.7,2.6,162
296,PS630,CCS,5,5,48.5,37.5,10,4.29,394,8.2,0.62,179
297,PS630,CCS,5,10,43.5,37.5,10,2.24,401.3,5.3,0.9,229
298,PS630,CCS,5,10,43.5,37.5,10,4.29,407,11.2,0.3,293
299,PS630,CCS,5,15,38.5,37.5,10,2.55,394,7.3,0.78,328
300,PS630,CCS,5,15,38.5,37.5,10,4.57,397,13.3,0.3,371
301,PS630,CCS,8,5,45.5,37.5,10,2.23,410,2.5,2.7,148
302,PS630,CCS,8,5,45.5,37.5,10,4.3,397.4,9.7,0.6,163
303,PS630,CCS,8,10,40.5,37.5,10,2.29,403.8,3.2,1.2,160
304,PS630,CCS,8,10,40.5,37.5,10,4.38,404,10.5,0.4,231
305,PS630,CCS,8,15,35.5,37.5,10,2.28,399,5.3,0.9,282
306,PS630,CCS,8,15,35.5,37.5,10,4.47,391,12,0.3,327
307,PS630,CCS,2,5,49.8,40,12,3.88,497,4,1.3,148
308,PS630,CCS,2,5,49.8,40,12,6.1,494,9.3,0.78,192
309,PS630,CCS,2,10,44.8,40,12,3.97,502.3,4.3,1.45,181
310,PS630,CCS,2,10,44.8,40,12,6.11,498.5,10.8,0.6,221
311,PS630,CCS,2,15,39.8,40,12,3.87,510.6,5.5,0.9,291
312,PS630,CCS,2,15,39.8,40,12,6.28,499.3,12.2,0.31,393
313,PS630,CCS,5,5,46.8,40,12,3.77,500.6,3.2,1.46,148
314,PS630,CCS,5,5,46.8,40,12,6.18,501.7,7.8,0.91,161
315,PS630,CCS,5,10,41.8,40,12,3.91,509.6,4.2,1.25,197
316,PS630,CCS,5,10,41.8,40,12,5.94,494.3,8.7,0.78,277
317,PS630,CCS,5,15,37.8,40,12,3.88,489,5.7,1.08,302
318,PS630,CCS,5,15,37.8,40,12,6.38,498.1,9.5,0.61,359
319,PS630,CCS,8,5,44.8,40,12,3.74,506.7,2.7,1.9,241
320,PS630,CCS,8,5,44.8,40,12,6.27,500.8,7,0.9,156
321,PS630,CCS,8,10,39.8,40,12,3.99,501,3.7,1.5,193
322,PS630,CCS,8,10,39.8,40,12,6.11,499,8,0.45,269
323,PS630,CCS,8,15,34.8,40,12,3.64,509,4.7,1.2,263
324,PS630,CCS,8,15,34.8,40,12,5.97,498,9.2,0.41,333
325,PS630,CP,2,5,39,50,8,2.52,200.4,5.5,1.1,149
326,PS630,CP,2,5,39,50,8,4.27,201.6,11.3,0.3,171
327,PS630,CP,2,10,34,50,8,2.2,198.6,6.2,1.08,135
328,PS630,CP,2,10,34,50,8,4.45,206,12.2,0.31,222
329,PS630,CP,2,15,29,50,8,2.26,207,7.2,0.75,263
330,PS630,CP,2,15,29,50,8,4.44,194,13.2,0.2,285
331,PS630,CP,5,5,36,50,8,2.31,208,4.7,1.5,183
332,PS630,CP,5,5,36,50,8,4.56,203.6,10.2,0.61,244
333,PS630,CP,5,10,31,50,8,2.29,196.4,5.8,1.03,188
334,PS630,CP,5,10,31,50,8,4.24,198.6,11.3,0.48,263
335,PS630,CP,5,15,26,50,8,2.34,200.3,6.7,0.9,258
336,PS630,CP,5,15,26,50,8,4.39,194,12.3,0.4,330
337,PS630,CP,8,5,33,50,8,2.11,203.6,6,1.02,166
338,PS630,CP,8,5,33,50,8,4.59,198.8,12,0.61,187
339,PS630,CP,8,10,28,50,8,2.77,201.4,6.7,0.9,203
340,PS630,CP,8,10,28,50,8,4.69,200.6,13.2,0.3,261
341,PS630,CP,8,15,23,50,8,2.96,200,7,0.75,277
342,PS630,CP,8,15,23,50,8,4.74,200.7,14,0.2,301
343,PS630,CP,2,5,51.5,37.5,10,3.66,401.6,4.2,1.6,161
344,PS630,CP,2,5,51.5,37.5,10,5.97,400.5,9,0.62,183
345,PS630,CP,2,10,46.5,37.5,10,3.55,394,5.8,0.9,257
346,PS630,CP,2,10,46.5,37.5,10,6.1,399,9.7,0.6,273
347,PS630,CP,2,15,41.5,37.5,10,3.47,397.3,6.7,0.48,397
348,PS630,CP,2,15,41.5,37.5,10,5.87,403.5,10.5,0.3,461
349,PS630,CP,5,5,48.5,37.5,10,3.69,409.8,3.3,1.89,222
350,PS630,CP,5,5,48.5,37.5,10,5.91,400.3,7.8,0.48,239
351,PS630,CP,5,10,43.5,37.5,10,3.94,401.7,4.2,1.3,289
352,PS630,CP,5,10,43.5,37.5,10,5.89,395.3,9.7,0.6,353
353,PS630,CP,5,15,38.5,37.5,10,3.66,386.3,5.5,0.9,388
354,PS630,CP,5,15,38.5,37.5,10,5.89,403.2,10.5,0.3,431
355,PS630,CP,8,5,45.5,37.5,10,3.77,404.4,5.2,1.02,208
356,PS630,CP,8,5,45.5,37.5,10,5.99,408.9,9.3,0.78,223
357,PS630,CP,8,10,40.5,37.5,10,3.56,410.3,6,1.08,231
358,PS630,CP,8,10,40.5,37.5,10,6.29,400,10.8,0.48,299
359,PS630,CP,8,15,35.5,37.5,10,3.58,397.2,6.5,0.9,342
360,PS630,CP,8,15,35.5,37.5,10,6.16,395.1,11.5,0.3,397
361,PS630,CP,2,5,49.8,40,12,4.1,502.3,5.2,1.2,208
362,PS630,CP,2,5,49.8,40,12,6.45,498.6,9,0.78,252
363,PS630,CP,2,10,44.8,40,12,3.98,501,6.2,0.9,241
364,PS630,CP,2,10,44.8,40,12,6.33,510.3,10.7,0.61,281
365,PS630,CP,2,15,39.8,40,12,4.21,491,7,0.61,351
366,PS630,CP,2,15,39.8,40,12,6.58,504,10.5,0.48,453
367,PS630,CP,5,5,46.8,40,12,4.11,502.7,4.3,1.25,208
368,PS630,CP,5,5,46.8,40,12,6.39,499.4,8.5,0.61,221
369,PS630,CP,5,10,41.8,40,12,3.87,507.3,5.3,1.02,257
370,PS630,CP,5,10,41.8,40,12,6.19,494.3,9.2,0.48,337
371,PS630,CP,5,15,37.8,40,12,4.17,501.2,6.3,0.91,362
372,PS630,CP,5,15,37.8,40,12,6.27,503.4,10.7,0.3,419
373,PS630,CP,8,5,44.8,40,12,3.98,488.5,5.7,0.91,301
374,PS630,CP,8,5,44.8,40,12,6.01,502,9,0.48,216
375,PS630,CP,8,10,39.8,40,12,4.15,504,6.5,0.78,253
376,PS630,CP,8,10,39.8,40,12,6.39,506.9,10.5,0.48,329
377,PS630,CP,8,15,34.8,40,12,4.41,495.5,7.3,0.61,323
378,PS630,CP,8,15,34.8,40,12,6.56,498.1,12.5,0.31,401
379,PS630,S1500,2,5,39,50,8,1.99,200.3,3.8,1.23,81
380,PS630,S1500,2,5,39,50,8,4.34,201.4,9.3,0.46,97
381,PS630,S1500,2,10,34,50,8,2.12,198.7,5.3,0.89,179
382,PS630,S1500,2,10,34,50,8,4.16,200.6,11,0.31,213
383,PS630,S1500,2,15,29,50,8,2.22,197.4,6,0.45,238
384,PS630,S1500,2,15,29,50,8,4.36,203.5,11.8,0.3,292
385,PS630,S1500,5,5,36,50,8,1.89,206.4,3.7,0.6,96
386,PS630,S1500,5,5,36,50,8,4.56,196.5,8.7,0.46,124
387,PS630,S1500,5,10,31,50,8,2,195.2,5,0.62,166
388,PS630,S1500,5,10,31,50,8,3.9,201.3,9.7,0.15,186
389,PS630,S1500,5,15,26,50,8,1.82,200.5,5.3,0.6,207
390,PS630,S1500,5,15,26,50,8,4.67,197.6,11.5,0.15,288
391,PS630,S1500,8,5,33,50,8,2.06,201.3,3.5,1.89,76
392,PS630,S1500,8,5,33,50,8,4.07,200,8.7,0.46,96
393,PS630,S1500,8,10,28,50,8,2.11,205,4.5,0.92,141
394,PS630,S1500,8,10,28,50,8,4.17,200.7,9.8,0.3,179
395,PS630,S1500,8,15,23,50,8,1.99,198,5.5,0.92,259
396,PS630,S1500,8,15,23,50,8,4.34,196,12.3,0.45,288
397,PS630,S1500,2,5,51.5,37.5,10,2.9,396.3,3.5,2.77,99
398,PS630,S1500,2,5,51.5,37.5,10,4.99,400,8.8,0.76,123
399,PS630,S1500,2,10,46.5,37.5,10,3.1,399.3,4.8,2.95,143
400,PS630,S1500,2,10,46.5,37.5,10,4.87,403.2,11.3,0.46,188
401,PS630,S1500,2,15,41.5,37.5,10,3.23,393.2,6.2,1.87,199
402,PS630,S1500,2,15,41.5,37.5,10,4.91,402.8,13.2,0.15,286
403,PS630,S1500,5,5,48.5,37.5,10,3.1,401,3.2,2.92,91
404,PS630,S1500,5,5,48.5,37.5,10,4.98,403,8.3,0.62,116
405,PS630,S1500,5,10,43.5,37.5,10,2.97,394.1,4.7,1.08,128
406,PS630,S1500,5,10,43.5,37.5,10,4.84,407,10.2,0.62,194
407,PS630,S1500,5,15,38.5,37.5,10,3.43,403.6,5.8,2.17,171
408,PS630,S1500,5,15,38.5,37.5,10,4.99,391,12,0.62,228
409,PS630,S1500,8,5,45.5,37.5,10,2.84,389.1,2.8,3.98,104
410,PS630,S1500,8,5,45.5,37.5,10,5.11,401,7.8,0.62,119
411,PS630,S1500,8,10,40.5,37.5,10,3.14,405,4,1.23,136
412,PS630,S1500,8,10,40.5,37.5,10,4.97,395,9.2,0.62,197
413,PS630,S1500,8,15,35.5,37.5,10,3.24,396.1,5.2,5.4,213
414,PS630,S1500,8,15,35.5,37.5,10,5.1,400.3,11,0.46,276
415,PS630,S1500,2,5,49.8,40,12,4.1,499,3.2,2.84,114
416,PS630,S1500,2,5,49.8,40,12,6.23,496.3,8.5,0.78,156
417,PS630,S1500,2,10,44.8,40,12,3.99,497,5.2,2.33,151
418,PS630,S1500,2,10,44.8,40,12,6.14,501.3,12,0.76,205
419,PS630,S1500,2,15,39.8,40,12,3.87,506,6.8,1.87,241
420,PS630,S1500,2,15,39.8,40,12,6.31,496,14,0.75,248
421,PS630,S1500,5,5,46.8,40,12,3.89,496.7,3,3.12,119
422,PS630,S1500,5,5,46.8,40,12,6.27,498,7.8,0.62,137
423,PS630,S1500,5,10,41.8,40,12,3.71,502.5,4.5,1.64,147
424,PS630,S1500,5,10,41.8,40,12,6.11,501.6,10,0.3,174
425,PS630,S1500,5,15,37.8,40,12,3.76,499,5.8,1.12,223
426,PS630,S1500,5,15,37.8,40,12,6.28,492,11,0.3,254
427,PS630,S1500,8,5,44.8,40,12,3.97,492.9,2.8,4.4,81
428,PS630,S1500,8,5,44.8,40,12,6.17,506.7,7.3,0.3,101
429,PS630,S1500,8,10,39.8,40,12,3.49,510,4,2.21,142
430,PS630,S1500,8,10,39.8,40,12,5.97,507.2,9,0.61,182
431,PS630,S1500,8,15,34.8,40,12,4.06,495.7,4.8,1.34,237
432,PS630,S1500,8,15,34.8,40,12,6.39,493.9,11.5,0.3,254
433,SDL,SSG,2,5,39,50,8,2.9,201,2.8,1.8,69
434,SDL,SSG,2,5,39,50,8,5.1,204,6.3,0.75,71
435,SDL,SSG,2,10,34,50,8,3.13,198,4,1.3,195
436,SDL,SSG,2,10,34,50,8,4.97,192.5,6.8,0.8,222
437,SDL,SSG,2,15,29,50,8,2.89,193.9,4.2,0.6,273
438,SDL,SSG,2,15,29,50,8,5.11,198.3,7.2,0.48,260
439,SDL,SSG,5,5,36,50,8,3.22,200.3,4.3,1.01,113
440,SDL,SSG,5,5,36,50,8,5.14,201.6,5.7,0.6,124
441,SDL,SSG,5,10,31,50,8,2.89,205.8,6.7,1.02,101
442,SDL,SSG,5,10,31,50,8,5.24,203.8,7.5,0.51,131
443,SDL,SSG,5,15,26,50,8,3.02,200.9,6,0.8,258
444,SDL,SSG,5,15,26,50,8,4.99,194.9,8.8,0.48,270
445,SDL,SSG,8,5,33,50,8,3.12,196.8,2.6,2.3,96
446,SDL,SSG,8,5,33,50,8,5.06,199.3,3.6,0.78,107
447,SDL,SSG,8,10,28,50,8,2.97,206.1,3.8,1.41,133
448,SDL,SSG,8,10,28,50,8,4.78,204.5,5.3,0.6,201
449,SDL,SSG,8,15,23,50,8,3.26,197.3,5,0.9,217
450,SDL,SSG,8,15,23,50,8,5.21,199.5,6.2,0.35,231
451,SDL,SSG,2,5,51.5,37.5,10,3.43,399,2,2.6,101
452,SDL,SSG,2,5,51.5,37.5,10,5.97,390,10,0.78,123
453,SDL,SSG,2,10,46.5,37.5,10,3.51,394.4,2.3,1.25,217
454,SDL,SSG,2,10,46.5,37.5,10,6.13,402.4,11.8,0.3,233
455,SDL,SSG,2,15,41.5,37.5,10,3.44,407.4,5,0.9,267
456,SDL,SSG,2,15,41.5,37.5,10,5.98,404,12.6,0.3,391
457,SDL,SSG,5,5,48.5,37.5,10,3.66,408,1.8,1.69,152
458,SDL,SSG,5,5,48.5,37.5,10,5.97,399.4,7.2,0.66,179
459,SDL,SSG,5,10,43.5,37.5,10,3.71,401.2,2.1,1.43,229
460,SDL,SSG,5,10,43.5,37.5,10,6.12,405.3,11,0.9,293
461,SDL,SSG,5,15,38.5,37.5,10,3.34,410.2,2.2,0.9,268
462,SDL,SSG,5,15,38.5,37.5,10,6.25,409.4,13.7,0.75,331
463,SDL,SSG,8,5,45.5,37.5,10,3.45,396.5,2.8,1.2,88
464,SDL,SSG,8,5,45.5,37.5,10,6.13,398.2,10.5,0.45,153
465,SDL,SSG,8,10,40.5,37.5,10,3.55,397.2,3.2,1.12,160
466,SDL,SSG,8,10,40.5,37.5,10,6.11,399.1,12.2,0.66,201
467,SDL,SSG,8,15,35.5,37.5,10,3.59,406.8,4.3,1.08,222
468,SDL,SSG,8,15,35.5,37.5,10,5.89,409,13.8,0.45,267
469,SDL,SSG,2,5,49.8,40,12,4.01,492.4,2.8,1.01,148
470,SDL,SSG,2,5,49.8,40,12,6.81,497.4,10.2,0.75,182
471,SDL,SSG,2,10,44.8,40,12,4.07,497.1,4.2,1.5,181
472,SDL,SSG,2,10,44.8,40,12,7.15,490.3,12,0.75,281
473,SDL,SSG,2,15,39.8,40,12,4.08,502.4,4.8,0.75,291
474,SDL,SSG,2,15,39.8,40,12,6.94,505.9,12.6,0.2,453
475,SDL,SSG,5,5,46.8,40,12,4,499,2.2,0.9,198
476,SDL,SSG,5,5,46.8,40,12,6.99,498,8.3,0.75,231
477,SDL,SSG,5,10,41.8,40,12,4.17,494,3.1,1.08,197
478,SDL,SSG,5,10,41.8,40,12,6.99,498.3,9.8,0.3,277
479,SDL,SSG,5,15,37.8,40,12,3.98,491.9,4.3,0.9,242
480,SDL,SSG,5,15,37.8,40,12,6.56,492.4,10.7,0.3,359
481,SDL,SSG,8,5,44.8,40,12,4.11,506.4,3.2,3.8,181
482,SDL,SSG,8,5,44.8,40,12,6.79,503.7,11,0.51,216
483,SDL,SSG,8,10,39.8,40,12,4.21,505.8,3.8,1,253
484,SDL,SSG,8,10,39.8,40,12,6.88,492.6,12,0.42,329
485,SDL,SSG,8,15,34.8,40,12,3.99,506.4,4.3,0.66,243
486,SDL,SSG,8,15,34.8,40,12,6.55,503.5,13.6,0.21,373
487,SDL,CCS,2,5,39,50,8,1.49,201,2.2,0.78,57
488,SDL,CCS,2,5,39,50,8,4.26,204,7.3,0.6,71
489,SDL,CCS,2,10,34,50,8,1.6,198,3.2,1.5,135
490,SDL,CCS,2,10,34,50,8,3.91,192.5,9,0.6,162
491,SDL,CCS,2,15,29,50,8,1.47,193.9,3.8,1.25,213
492,SDL,CCS,2,15,29,50,8,4.18,198.3,9.2,0.3,220
493,SDL,CCS,5,5,36,50,8,1.6,200.3,1,1.36,63
494,SDL,CCS,5,5,36,50,8,3.91,202.5,7.3,0.96,114
495,SDL,CCS,5,10,31,50,8,1.6,205.2,3.7,1.01,91
496,SDL,CCS,5,10,31,50,8,4.21,196.4,8.8,0.75,131
497,SDL,CCS,5,15,26,50,8,1.49,200.9,5.5,0.95,198
498,SDL,CCS,5,15,26,50,8,4.41,194.9,10.2,0.66,230
499,SDL,CCS,8,5,33,50,8,1.49,196.8,2.2,1.36,76
500,SDL,CCS,8,5,33,50,8,4.46,199.3,7.8,0.97,107
501,SDL,CCS,8,10,28,50,8,1.55,206.1,3.3,1.83,133
502,SDL,CCS,8,10,28,50,8,4.51,204.5,9.2,0.78,201
503,SDL,CCS,8,15,23,50,8,1.46,197.3,4.2,1.5,157
504,SDL,CCS,8,15,23,50,8,4.41,199.5,9.7,0.76,181
505,SDL,CCS,2,5,51.5,37.5,10,2,399,2.5,1.33,91
506,SDL,CCS,2,5,51.5,37.5,10,4.89,390,8,0.78,123
507,SDL,CCS,2,10,46.5,37.5,10,2.17,394.4,3.2,2.33,157
508,SDL,CCS,2,10,46.5,37.5,10,4.99,402.4,9.5,0.76,173
509,SDL,CCS,2,15,41.5,37.5,10,2.38,402.8,5.3,0.77,207
510,SDL,CCS,2,15,41.5,37.5,10,4.92,399.2,11.8,0.6,271
511,SDL,CCS,5,5,48.5,37.5,10,2.38,396.8,2.1,2.6,92
512,SDL,CCS,5,5,48.5,37.5,10,5,397.4,7.2,0.62,119
513,SDL,CCS,5,10,43.5,37.5,10,2.38,401.2,4.3,0.9,169
514,SDL,CCS,5,10,43.5,37.5,10,4.7,405.3,10,0.3,233
515,SDL,CCS,5,15,38.5,37.5,10,2.26,410.2,6.3,0.78,208
516,SDL,CCS,5,15,38.5,37.5,10,5.1,409.4,12,0.3,271
517,SDL,CCS,8,5,45.5,37.5,10,2.13,396.5,1.8,2.7,68
518,SDL,CCS,8,5,45.5,37.5,10,5.2,408.3,8.7,0.6,113
519,SDL,CCS,8,10,40.5,37.5,10,2.26,397.2,2.2,1.2,100
520,SDL,CCS,8,10,40.5,37.5,10,4.96,399.1,9.5,0.4,141
521,SDL,CCS,8,15,35.5,37.5,10,2.09,406.8,4.3,0.9,162
522,SDL,CCS,8,15,35.5,37.5,10,5.03,402.4,11,0.3,207
523,SDL,CCS,2,5,49.8,40,12,3.64,492.4,3,1.5,88
524,SDL,CCS,2,5,49.8,40,12,5.97,497.4,8.3,0.9,122
525,SDL,CCS,2,10,44.8,40,12,3.91,497.1,3.3,1.49,121
526,SDL,CCS,2,10,44.8,40,12,5.94,490.3,9.8,0.6,221
527,SDL,CCS,2,15,39.8,40,12,3.88,508.3,4.5,1.01,231
528,SDL,CCS,2,15,39.8,40,12,6.38,506.7,11.2,0.48,333
529,SDL,CCS,5,5,46.8,40,12,3.88,498.4,2.2,1.5,138
530,SDL,CCS,5,5,46.8,40,12,6.1,497.1,6.8,0.91,171
531,SDL,CCS,5,10,41.8,40,12,3.97,502.5,3.2,1.3,137
532,SDL,CCS,5,10,41.8,40,12,6.11,498.3,7.7,0.78,217
533,SDL,CCS,5,15,37.8,40,12,3.87,491.9,4.7,1.2,182
534,SDL,CCS,5,15,37.8,40,12,6.18,492.4,8.5,0.78,299
535,SDL,CCS,8,5,44.8,40,12,3.74,506.4,1.7,2.1,121
536,SDL,CCS,8,5,44.8,40,12,6.27,503.7,6,0.9,156
537,SDL,CCS,8,10,39.8,40,12,3.99,505.8,2.7,1.6,193
538,SDL,CCS,8,10,39.8,40,12,6.11,492.6,7,0.6,269
539,SDL,CCS,8,15,34.8,40,12,3.78,506.4,3.7,1.3,183
540,SDL,CCS,8,15,34.8,40,12,6.21,508.9,8.2,0.41,273
541,SDL,CP,2,5,39,50,8,2.11,201,4.5,1.9,87
542,SDL,CP,2,5,39,50,8,4.59,204,10.3,0.48,111
543,SDL,CP,2,10,34,50,8,2.26,198,5.2,1.08,155
544,SDL,CP,2,10,34,50,8,4.44,192.5,11.2,0.31,179
545,SDL,CP,2,15,29,50,8,2.52,193.9,6.2,0.75,233
546,SDL,CP,2,15,29,50,8,4.27,198.3,12.2,0.2,250
547,SDL,CP,5,5,36,50,8,2.14,200.3,3.7,2.1,103
548,SDL,CP,5,5,36,50,8,4.97,203.5,9.2,0.61,144
549,SDL,CP,5,10,31,50,8,2.11,205.6,4.8,1.03,131
550,SDL,CP,5,10,31,50,8,4.59,198.3,10.3,0.48,178
551,SDL,CP,5,15,26,50,8,2.77,200,5.7,0.9,218
552,SDL,CP,5,15,26,50,8,4.69,204.3,11,0.4,249
553,SDL,CP,8,5,33,50,8,2.29,196.8,5,1.36,136
554,SDL,CP,8,5,33,50,8,4.24,199.3,11.6,0.61,167
555,SDL,CP,8,10,28,50,8,2.34,206.1,5.7,0.9,193
556,SDL,CP,8,10,28,50,8,4.39,204.5,12.2,0.3,261
557,SDL,CP,8,15,23,50,8,2.2,197.3,6.7,0.75,217
558,SDL,CP,8,15,23,50,8,4.45,199.5,13,0.2,271
559,SDL,CP,2,5,51.5,37.5,10,2.44,399,3.2,1.98,141
560,SDL,CP,2,5,51.5,37.5,10,5.73,390,8,0.62,183
561,SDL,CP,2,10,46.5,37.5,10,2.33,394.4,4.8,0.9,237
562,SDL,CP,2,10,46.5,37.5,10,5.75,402.4,8.7,0.6,223
563,SDL,CP,2,15,41.5,37.5,10,2.52,402.8,5.7,0.48,267
564,SDL,CP,2,15,41.5,37.5,10,5.8,399.2,9.5,0.3,321
565,SDL,CP,5,5,48.5,37.5,10,2.58,396.8,2.3,2.3,162
566,SDL,CP,5,5,48.5,37.5,10,5.7,397.4,6.8,0.48,179
567,SDL,CP,5,10,43.5,37.5,10,2.37,401.2,3.2,1.3,219
568,SDL,CP,5,10,43.5,37.5,10,5.33,405.3,8.7,0.6,263
569,SDL,CP,5,15,38.5,37.5,10,2.45,410.2,4.5,0.9,238
570,SDL,CP,5,15,38.5,37.5,10,5.67,409.2,9.5,0.3,281
571,SDL,CP,8,5,45.5,37.5,10,2.35,404.1,4.2,1.36,138
572,SDL,CP,8,5,45.5,37.5,10,5.48,401.3,8.3,0.78,173
573,SDL,CP,8,10,40.5,37.5,10,2.34,397.2,5,1.08,170
574,SDL,CP,8,10,40.5,37.5,10,5.68,399.1,9.8,0.48,211
575,SDL,CP,8,15,35.5,37.5,10,2.38,406.8,5.5,0.9,239
576,SDL,CP,8,15,35.5,37.5,10,5.65,402.4,10.5,0.3,207
577,SDL,CP,2,5,49.8,40,12,4.21,492.4,4.2,1.9,148
578,SDL,CP,2,5,49.8,40,12,6.58,497.4,8,0.78,162
579,SDL,CP,2,10,44.8,40,12,3.98,497.1,5.2,0.9,201
580,SDL,CP,2,10,44.8,40,12,6.33,490.3,9.7,0.61,231
581,SDL,CP,2,15,39.8,40,12,4.1,504.3,6,0.61,239
582,SDL,CP,2,15,39.8,40,12,6.45,500,9.5,0.48,355
583,SDL,CP,5,5,46.8,40,12,3.98,502.1,3.3,1.46,158
584,SDL,CP,5,5,46.8,40,12,6.01,497.1,7.5,0.61,201
585,SDL,CP,5,10,41.8,40,12,4.15,502.5,4.3,1.02,167
586,SDL,CP,5,10,41.8,40,12,6.39,498.3,8.2,0.48,207
587,SDL,CP,5,15,37.8,40,12,4.11,491.9,5.3,0.91,222
588,SDL,CP,5,15,37.8,40,12,6.39,492.4,9.7,0.3,281
589,SDL,CP,8,5,44.8,40,12,3.87,506.4,4.7,1.32,181
590,SDL,CP,8,5,44.8,40,12,6.19,503.7,8,0.48,216
591,SDL,CP,8,10,39.8,40,12,4.41,505.8,5.5,0.78,253
592,SDL,CP,8,10,39.8,40,12,6.56,492.6,9.5,0.48,291
593,SDL,CP,8,15,34.8,40,12,4.47,498.2,6.3,0.61,243
594,SDL,CP,8,15,34.8,40,12,6.41,508.9,11.5,0.31,373
595,SDL,S1500,2,5,39,50,8,1.89,201,2.8,1.87,61
596,SDL,S1500,2,5,39,50,8,4.56,204,8.3,0.46,97
597,SDL,S1500,2,10,34,50,8,2,198,4.3,0.89,99
598,SDL,S1500,2,10,34,50,8,3.9,192.5,10,0.31,153
599,SDL,S1500,2,15,29,50,8,1.99,193.9,5,0.45,188
600,SDL,S1500,2,15,29,50,8,4.34,198.3,10.6,0.3,242
601,SDL,S1500,5,5,36,50,8,2.11,200.3,2.6,1.12,106
602,SDL,S1500,5,5,36,50,8,4.17,203.5,7.5,0.46,124
603,SDL,S1500,5,10,31,50,8,1.99,205.6,4,0.62,86
604,SDL,S1500,5,10,31,50,8,4.34,198.3,8.6,0.15,126
605,SDL,S1500,5,15,26,50,8,2.12,200,4.3,0.6,167
606,SDL,S1500,5,15,26,50,8,4.16,204.3,10.5,0.15,248
607,SDL,S1500,8,5,33,50,8,2.22,196.8,2.5,2.1,86
608,SDL,S1500,8,5,33,50,8,4.36,199.3,7.7,0.46,96
609,SDL,S1500,8,10,28,50,8,2.26,206.1,3.5,0.92,141
610,SDL,S1500,8,10,28,50,8,4.41,204.5,8.8,0.3,179
611,SDL,S1500,8,15,23,50,8,2.34,197.3,4.5,0.92,189
612,SDL,S1500,8,15,23,50,8,4.52,199.5,11.3,0.45,228
613,SDL,S1500,2,5,51.5,37.5,10,3.23,399,2.5,2.9,109
614,SDL,S1500,2,5,51.5,37.5,10,4.91,390,7.8,0.76,123
615,SDL,S1500,2,10,46.5,37.5,10,3.1,394.4,3.8,2.95,103
616,SDL,S1500,2,10,46.5,37.5,10,4.98,402.4,10.3,0.46,148
617,SDL,S1500,2,15,41.5,37.5,10,2.9,402.8,5.2,1.87,159
618,SDL,S1500,2,15,41.5,37.5,10,4.99,399.2,12.2,0.15,216
619,SDL,S1500,5,5,48.5,37.5,10,2.84,396.8,2.2,3.1,101
620,SDL,S1500,5,5,48.5,37.5,10,5.11,397.4,7.3,0.62,116
621,SDL,S1500,5,10,43.5,37.5,10,3.14,401.2,3.7,1.08,128
622,SDL,S1500,5,10,43.5,37.5,10,4.97,405.3,9.2,0.62,174
623,SDL,S1500,5,15,38.5,37.5,10,3.24,410.2,4.8,2.17,131
624,SDL,S1500,5,15,38.5,37.5,10,5.1,409.2,11,0.62,228
625,SDL,S1500,8,5,45.5,37.5,10,3.43,404.1,1.8,3.1,104
626,SDL,S1500,8,5,45.5,37.5,10,4.99,401.3,6.8,0.62,119
627,SDL,S1500,8,10,40.5,37.5,10,2.97,397.2,3,1.96,146
628,SDL,S1500,8,10,40.5,37.5,10,4.84,399.1,8.2,0.62,210
629,SDL,S1500,8,15,35.5,37.5,10,3.1,406.8,4.2,1.12,173
630,SDL,S1500,8,15,35.5,37.5,10,4.87,402.4,10,0.46,226
631,SDL,S1500,2,5,49.8,40,12,3.71,492.4,2.2,2.11,134
632,SDL,S1500,2,5,49.8,40,12,6.11,497.4,7.5,0.78,156
633,SDL,S1500,2,10,44.8,40,12,3.76,497.1,4.2,1.6,151
634,SDL,S1500,2,10,44.8,40,12,6.28,490.3,11,0.76,205
635,SDL,S1500,2,15,39.8,40,12,4.1,504.3,5.8,1.3,181
636,SDL,S1500,2,15,39.8,40,12,6.23,500,13,0.75,218
637,SDL,S1500,5,5,46.8,40,12,3.49,502.1,2,2.6,121
638,SDL,S1500,5,5,46.8,40,12,5.97,497.1,6.8,0.62,137
639,SDL,S1500,5,10,41.8,40,12,4.06,502.5,3.5,1.64,157
640,SDL,S1500,5,10,41.8,40,12,6.39,498.3,9,0.3,194
641,SDL,S1500,5,15,37.8,40,12,3.87,491.9,4.8,1.8,163
642,SDL,S1500,5,15,37.8,40,12,6.31,492.4,10,0.3,204
643,SDL,S1500,8,5,44.8,40,12,3.89,506.4,1.8,3.6,101
644,SDL,S1500,8,5,44.8,40,12,6.27,503.7,6.3,0.3,111
645,SDL,S1500,8,10,39.8,40,12,3.97,505.8,3,2.1,142
646,SDL,S1500,8,10,39.8,40,12,6.17,492.6,8,0.61,182
647,SDL,S1500,8,15,34.8,40,12,3.99,498.2,3.8,1.23,187
648,SDL,S1500,8,15,34.8,40,12,6.14,508.9,10.5,0.3,234
649,L-HPC,SSG,2,5,39,50,8,1.36,196.3,2.3,1.68,153
650,L-HPC,SSG,2,5,39,50,8,3.87,205.3,8.6,0.3,221
651,L-HPC,SSG,2,10,34,50,8,1.29,204.5,4,0.92,211
652,L-HPC,SSG,2,10,34,50,8,3.75,202.4,9.6,0.3,291
653,L-HPC,SSG,2,15,29,50,8,1.34,204.2,4.6,0.6,306
654,L-HPC,SSG,2,15,29,50,8,3.66,200,10.5,0.15,349
655,L-HPC,SSG,5,5,36,50,8,1.46,201,3.6,1.07,218
656,L-HPC,SSG,5,5,36,50,8,3.67,194.6,8.8,0.3,281
657,L-HPC,SSG,5,10,31,50,8,1.44,195.3,4.6,1.06,206
658,L-HPC,SSG,5,10,31,50,8,3.79,197.4,9.6,0.3,257
659,L-HPC,SSG,5,15,26,50,8,1.44,199.3,5.8,0.75,322
660,L-HPC,SSG,5,15,26,50,8,3.8,200,10.8,0.3,341
661,L-HPC,SSG,8,5,33,50,8,1.34,204.4,3,0.75,171
662,L-HPC,SSG,8,5,33,50,8,3.94,206.1,10.8,0.3,191
663,L-HPC,SSG,8,10,28,50,8,1.4,200.1,5,0.6,229
664,L-HPC,SSG,8,10,28,50,8,3.95,201.5,11.8,0.15,277
665,L-HPC,SSG,8,15,23,50,8,1.33,199.4,5.5,0.49,323
666,L-HPC,SSG,8,15,23,50,8,3.79,196.3,12.3,0.15,362
667,L-HPC,SSG,2,5,51.5,37.5,10,1.34,391.4,2.5,1.78,183
668,L-HPC,SSG,2,5,51.5,37.5,10,4.25,391.8,13.3,0.46,227
669,L-HPC,SSG,2,10,46.5,37.5,10,1.48,397.3,3.6,1.41,293
670,L-HPC,SSG,2,10,46.5,37.5,10,4.21,400,14.3,0.46,297
671,L-HPC,SSG,2,15,41.5,37.5,10,1.44,400.2,3.5,0.9,389
672,L-HPC,SSG,2,15,41.5,37.5,10,4.15,400.9,14.9,0.3,377
673,L-HPC,SSG,5,5,48.5,37.5,10,1.43,408.2,3,1.21,272
674,L-HPC,SSG,5,5,48.5,37.5,10,4.26,409.3,10,0.76,309
675,L-HPC,SSG,5,10,43.5,37.5,10,1.39,402.3,2.3,0.9,247
676,L-HPC,SSG,5,10,43.5,37.5,10,4.04,399,11.3,0.6,275
677,L-HPC,SSG,5,15,38.5,37.5,10,1.32,398,3,0.61,406
678,L-HPC,SSG,5,15,38.5,37.5,10,4.24,398.1,14.16,0.6,473
679,L-HPC,SSG,8,5,45.5,37.5,10,1.54,399.4,2.3,1.03,274
680,L-HPC,SSG,8,5,45.5,37.5,10,3.87,395.5,11.6,0.92,297
681,L-HPC,SSG,8,10,40.5,37.5,10,1.52,394.6,3.3,0.96,326
682,L-HPC,SSG,8,10,40.5,37.5,10,3.89,390.3,13.3,0.76,342
683,L-HPC,SSG,8,15,35.5,37.5,10,1.43,395.3,4,0.8,419
684,L-HPC,SSG,8,15,35.5,37.5,10,3.94,390.5,14.16,0.6,447
685,L-HPC,SSG,2,5,49.8,40,12,4.01,492.4,3,1.33,166
686,L-HPC,SSG,2,5,49.8,40,12,6.81,497.4,6.3,0.76,172
687,L-HPC,SSG,2,10,44.8,40,12,4.07,497.1,3.8,1.01,373
688,L-HPC,SSG,2,10,44.8,40,12,7.15,490.3,6.8,0.76,370
689,L-HPC,SSG,2,15,39.8,40,12,4.08,504.3,4.6,0.9,479
690,L-HPC,SSG,2,15,39.8,40,12,6.94,500,7.6,0.46,523
691,L-HPC,SSG,5,5,46.8,40,12,4,502.1,1.6,1.1,225
692,L-HPC,SSG,5,5,46.8,40,12,6.99,498.4,6.3,0.78,274
693,L-HPC,SSG,5,10,41.8,40,12,4.17,501.3,2,0.9,331
694,L-HPC,SSG,5,10,41.8,40,12,6.99,502,7.5,0.6,342
695,L-HPC,SSG,5,15,37.8,40,12,4.16,496.4,3.4,0.9,411
696,L-HPC,SSG,5,15,37.8,40,12,6.87,497.5,9,0.48,454
697,L-HPC,SSG,8,5,44.8,40,12,3.98,506.4,2.3,1.4,272
698,L-HPC,SSG,8,5,44.8,40,12,6.74,503.7,6.9,0.6,315
699,L-HPC,SSG,8,10,39.8,40,12,4.24,505.8,2.9,0.9,308
700,L-HPC,SSG,8,10,39.8,40,12,6.99,492.6,7.6,0.48,339
701,L-HPC,SSG,8,15,34.8,40,12,4.18,498.2,3.6,0.9,429
702,L-HPC,SSG,8,15,34.8,40,12,6.7,502.4,9.6,0.3,527
703,L-HPC,CCS,2,5,39,50,8,1.49,196.3,1.8,4.96,151
704,L-HPC,CCS,2,5,39,50,8,4.41,205.3,7.6,1.08,164
705,L-HPC,CCS,2,10,34,50,8,1.69,204.5,3,3.98,179
706,L-HPC,CCS,2,10,34,50,8,4.18,202.4,8.6,0.6,251
707,L-HPC,CCS,2,15,29,50,8,1.49,204.2,3.6,1.53,215
708,L-HPC,CCS,2,15,29,50,8,4.26,200,9.5,0.3,307
709,L-HPC,CCS,5,5,36,50,8,1.6,201,2.6,5.27,118
710,L-HPC,CCS,5,5,36,50,8,3.91,194.6,7.8,1.25,167
711,L-HPC,CCS,5,10,31,50,8,1.49,195.3,3.6,4.36,179
712,L-HPC,CCS,5,10,31,50,8,4.14,197.4,8.6,0.77,209
713,L-HPC,CCS,5,15,26,50,8,1.47,199.3,4.8,1.69,227
714,L-HPC,CCS,5,15,26,50,8,4.18,200,9.8,0.6,276
715,L-HPC,CCS,8,5,33,50,8,1.6,204.4,2,4.97,128
716,L-HPC,CCS,8,5,33,50,8,4.21,206.1,9.8,1.37,184
717,L-HPC,CCS,8,10,28,50,8,1.49,200.1,4,2.21,160
718,L-HPC,CCS,8,10,28,50,8,4.04,201.5,10.8,0.93,215
719,L-HPC,CCS,8,15,23,50,8,1.49,199.4,4.5,1.83,227
720,L-HPC,CCS,8,15,23,50,8,4.46,196.3,11.3,0.46,298
721,L-HPC,CCS,2,5,51.5,37.5,10,2.38,391.4,1.5,3.82,165
722,L-HPC,CCS,2,5,51.5,37.5,10,5,391.8,10.3,0.78,198
723,L-HPC,CCS,2,10,46.5,37.5,10,2.41,397.3,2.6,2.33,171
724,L-HPC,CCS,2,10,46.5,37.5,10,4.97,400,12.6,0.76,198
725,L-HPC,CCS,2,15,41.5,37.5,10,2.41,400.2,2.5,1.97,241
726,L-HPC,CCS,2,15,41.5,37.5,10,4.78,400.9,13,0.75,368
727,L-HPC,CCS,5,5,48.5,37.5,10,2.15,408.2,2,3.27,129
728,L-HPC,CCS,5,5,48.5,37.5,10,4.88,409.3,9,0.62,159
729,L-HPC,CCS,5,10,43.5,37.5,10,2.32,402.3,1.5,3.69,156
730,L-HPC,CCS,5,10,43.5,37.5,10,4.96,399,10.3,0.48,248
731,L-HPC,CCS,5,15,38.5,37.5,10,2.55,398,2,2.14,204
732,L-HPC,CCS,5,15,38.5,37.5,10,5.12,398.1,11.6,0.3,314
733,L-HPC,CCS,8,5,45.5,37.5,10,2.47,399.4,1.6,4.4,119
734,L-HPC,CCS,8,5,45.5,37.5,10,5.1,395.5,10.6,0.48,133
735,L-HPC,CCS,8,10,40.5,37.5,10,2.36,394.6,2.3,6.9,153
736,L-HPC,CCS,8,10,40.5,37.5,10,4.77,390.3,12.5,0.61,226
737,L-HPC,CCS,8,15,35.5,37.5,10,2.47,395.3,3,2.45,201
738,L-HPC,CCS,8,15,35.5,37.5,10,5.01,390.5,12.16,0.3,297
739,L-HPC,CCS,2,5,49.8,40,12,4.02,492.4,2,4.96,179
740,L-HPC,CCS,2,5,49.8,40,12,7.56,497.4,5.3,1.08,241
741,L-HPC,CCS,2,10,44.8,40,12,4.11,497.1,2.8,3.98,213
742,L-HPC,CCS,2,10,44.8,40,12,7.68,490.3,5.8,0.31,321
743,L-HPC,CCS,2,15,39.8,40,12,3.98,504.3,3.6,1.53,246
744,L-HPC,CCS,2,15,39.8,40,12,7.25,500,6.6,0.15,308
745,L-HPC,CCS,5,5,46.8,40,12,4.22,502.1,1.3,5.16,146
746,L-HPC,CCS,5,5,46.8,40,12,7.54,498.4,5.3,1.25,221
747,L-HPC,CCS,5,10,41.8,40,12,4.26,501.3,1.5,4.36,183
748,L-HPC,CCS,5,10,41.8,40,12,7.14,502,6.5,0.77,259
749,L-HPC,CCS,5,15,37.8,40,12,4.03,496.4,3,1.08,269
750,L-HPC,CCS,5,15,37.8,40,12,7.98,497.5,8.5,0.3,359
751,L-HPC,CCS,8,5,44.8,40,12,4.58,506.4,1.9,2.83,138
752,L-HPC,CCS,8,5,44.8,40,12,8.03,503.7,6.5,0.45,209
753,L-HPC,CCS,8,10,39.8,40,12,4.17,505.8,1.9,1.5,279
754,L-HPC,CCS,8,10,39.8,40,12,7.77,492.6,6.6,0.3,242
755,L-HPC,CCS,8,15,34.8,40,12,4.25,498.2,2.6,0.9,288
756,L-HPC,CCS,8,15,34.8,40,12,8.03,502.4,8.6,0.3,342
757,L-HPC,CP,2,5,39,50,8,1.56,194.3,3,1.33,150
758,L-HPC,CP,2,5,39,50,8,3.95,201.4,7.5,0.3,156
759,L-HPC,CP,2,10,34,50,8,1.49,204.3,4.6,0.9,201
760,L-HPC,CP,2,10,34,50,8,4.12,205.2,8.5,0.21,222
761,L-HPC,CP,2,15,29,50,8,1.66,197.3,5.3,0.75,268
762,L-HPC,CP,2,15,29,50,8,4.17,198.3,10,0.2,281
763,L-HPC,CP,5,5,36,50,8,1.38,196.4,3.9,1.41,112
764,L-HPC,CP,5,5,36,50,8,4.39,199.2,8,0.75,145
765,L-HPC,CP,5,10,31,50,8,1.51,198.3,4.6,0.93,176
766,L-HPC,CP,5,10,31,50,8,4.02,200.4,9,0.6,196
767,L-HPC,CP,5,15,26,50,8,1.64,201.9,5.8,0.9,213
768,L-HPC,CP,5,15,26,50,8,3.97,205.3,10.6,0.3,294
769,L-HPC,CP,8,5,33,50,8,1.47,205.9,2.8,1.01,109
770,L-HPC,CP,8,5,33,50,8,3.82,205.4,8,0.75,137
771,L-HPC,CP,8,10,28,50,8,1.33,204.8,3.5,0.96,173
772,L-HPC,CP,8,10,28,50,8,3.88,203.9,10,0.48,193
773,L-HPC,CP,8,15,23,50,8,1.47,203.4,4.5,0.75,249
774,L-HPC,CP,8,15,23,50,8,4.1,205.2,12.5,0.4,362
775,L-HPC,CP,2,5,51.5,37.5,10,1.91,396,3.5,1.66,139
776,L-HPC,CP,2,5,51.5,37.5,10,4.98,401,8,0.62,169
777,L-HPC,CP,2,10,46.5,37.5,10,1.87,403.2,4.5,1.36,221
778,L-HPC,CP,2,10,46.5,37.5,10,5.01,405,9.6,0.48,303
779,L-HPC,CP,2,15,41.5,37.5,10,1.77,395.2,6.5,0.9,362
780,L-HPC,CP,2,15,41.5,37.5,10,5.22,399.5,13.6,0.6,387
781,L-HPC,CP,5,5,48.5,37.5,10,1.92,401,3,2.6,213
782,L-HPC,CP,5,5,48.5,37.5,10,4.97,408,9,0.9,207
783,L-HPC,CP,5,10,43.5,37.5,10,2.16,392.3,3.6,1.68,324
784,L-HPC,CP,5,10,43.5,37.5,10,4.89,399,10,0.6,336
785,L-HPC,CP,5,15,38.5,37.5,10,1.87,394,4.5,0.95,389
786,L-HPC,CP,5,15,38.5,37.5,10,4.95,407,10.3,0.3,467
787,L-HPC,CP,8,5,45.5,37.5,10,1.88,411.3,2.3,3.66,214
788,L-HPC,CP,8,5,45.5,37.5,10,4.78,402.5,11.6,0.75,206
789,L-HPC,CP,8,10,40.5,37.5,10,1.97,406,3.3,0.9,257
790,L-HPC,CP,8,10,40.5,37.5,10,5.17,400,11.9,0.6,409
791,L-HPC,CP,8,15,35.5,37.5,10,2.03,403,4,0.84,436
792,L-HPC,CP,8,15,35.5,37.5,10,4.98,394,12,0.2,513
793,L-HPC,CP,2,5,49.8,40,12,4.17,501,3,2.3,223
794,L-HPC,CP,2,5,49.8,40,12,6.99,500,7.3,0.6,271
795,L-HPC,CP,2,10,44.8,40,12,4.11,496.3,4.1,1.9,276
796,L-HPC,CP,2,10,44.8,40,12,7.14,501.3,7.9,0.48,352
797,L-HPC,CP,2,15,39.8,40,12,3.95,505,4.6,1.02,351
798,L-HPC,CP,2,15,39.8,40,12,6.87,497,8.5,0.48,422
799,L-HPC,CP,5,5,46.8,40,12,3.98,505,1.6,1.36,226
800,L-HPC,CP,5,5,46.8,40,12,6.74,499.3,6.3,0.6,203
801,L-HPC,CP,5,10,41.8,40,12,4.1,488.3,2,3.5,394
802,L-HPC,CP,5,10,41.8,40,12,6.44,500,7.5,0.6,282
803,L-HPC,CP,5,15,37.8,40,12,3.95,502,3.4,0.9,493
804,L-HPC,CP,5,15,37.8,40,12,7.29,503,10,0.3,581
805,L-HPC,CP,8,5,44.8,40,12,3.57,501.3,2.3,3.8,161
806,L-HPC,CP,8,5,44.8,40,12,6.46,500.3,6.9,0.9,203
807,L-HPC,CP,8,10,39.8,40,12,4.22,500.4,2.6,1.8,286
808,L-HPC,CP,8,10,39.8,40,12,7.11,501,7,0.6,299
809,L-HPC,CP,8,15,34.8,40,12,3.99,507,3.6,0.9,352
810,L-HPC,CP,8,15,34.8,40,12,6.88,499.7,10,0.2,453
811,L-HPC,S1500,2,5,39,50,8,1.6,200.3,3.8,2.3,161
812,L-HPC,S1500,2,5,39,50,8,4.64,199,6.7,0.75,179
813,L-HPC,S1500,2,10,34,50,8,1.8,197.3,4.5,1.6,229
814,L-HPC,S1500,2,10,34,50,8,4.83,200.3,7.3,0.66,283
815,L-HPC,S1500,2,15,29,50,8,1.88,204.3,5,1.08,308
816,L-HPC,S1500,2,15,29,50,8,4.87,205.6,7.8,0.48,362
817,L-HPC,S1500,5,5,36,50,8,1.97,200.7,3,1.23,166
818,L-HPC,S1500,5,5,36,50,8,4.9,198,5.7,0.66,184
819,L-HPC,S1500,5,10,31,50,8,1.87,197.4,4,1.08,206
820,L-HPC,S1500,5,10,31,50,8,4.87,200.9,7.3,0.48,246
821,L-HPC,S1500,5,15,26,50,8,1.69,201.7,4.7,0.9,287
822,L-HPC,S1500,5,15,26,50,8,5.11,204,8.3,0.3,368
823,L-HPC,S1500,8,5,33,50,8,1.78,201.3,3,1.66,146
824,L-HPC,S1500,8,5,33,50,8,4.97,197.3,7.3,0.48,156
825,L-HPC,S1500,8,10,28,50,8,1.88,194.2,4.3,1.01,261
826,L-HPC,S1500,8,10,28,50,8,4.79,198,9.3,0.45,239
827,L-HPC,S1500,8,15,23,50,8,1.97,199.6,6,0.91,309
828,L-HPC,S1500,8,15,23,50,8,4.77,199.7,11,0.6,348
829,L-HPC,S1500,2,5,51.5,37.5,10,2.65,400.1,4.8,2.66,169
830,L-HPC,S1500,2,5,51.5,37.5,10,5.01,396.2,9,1.12,183
831,L-HPC,S1500,2,10,46.5,37.5,10,2.78,401.3,5.7,1.1,223
832,L-HPC,S1500,2,10,46.5,37.5,10,5.15,395.4,10,0.51,268
833,L-HPC,S1500,2,15,41.5,37.5,10,2.85,402.6,5.7,0.9,279
834,L-HPC,S1500,2,15,41.5,37.5,10,5.13,397.5,14,0.48,376
835,L-HPC,S1500,5,5,48.5,37.5,10,2.9,400,3,2.3,161
836,L-HPC,S1500,5,5,48.5,37.5,10,5.21,401,7.5,1.23,176
837,L-HPC,S1500,5,10,43.5,37.5,10,2.87,394.3,4.8,1.53,198
838,L-HPC,S1500,5,10,43.5,37.5,10,4.98,402,10.6,0.9,264
839,L-HPC,S1500,5,15,38.5,37.5,10,2.69,408.3,5,0.9,231
840,L-HPC,S1500,5,15,38.5,37.5,10,4.91,396.4,12,0.75,348
841,L-HPC,S1500,8,5,45.5,37.5,10,2.8,401.5,4.7,3.36,164
842,L-HPC,S1500,8,5,45.5,37.5,10,4.87,398.3,9.7,1.28,179
843,L-HPC,S1500,8,10,40.5,37.5,10,2.99,406,5.5,0.9,206
844,L-HPC,S1500,8,10,40.5,37.5,10,4.98,407,12.6,0.66,270
845,L-HPC,S1500,8,15,35.5,37.5,10,2.74,397.2,6,0.6,293
846,L-HPC,S1500,8,15,35.5,37.5,10,5.1,409,13.6,0.45,376
847,L-HPC,S1500,2,5,49.8,40,12,4.99,500,4.6,0.96,194
848,L-HPC,S1500,2,5,49.8,40,12,8.11,501.6,5.2,0.7,216
849,L-HPC,S1500,2,10,44.8,40,12,5.12,505,6,0.48,221
850,L-HPC,S1500,2,10,44.8,40,12,8.01,506.7,6.2,3,275
851,L-HPC,S1500,2,15,39.8,40,12,5.21,501.7,6.3,0.61,309
852,L-HPC,S1500,2,15,39.8,40,12,8.64,498.3,7.5,0.6,308
853,L-HPC,S1500,5,5,46.8,40,12,4.87,497.2,4,1.08,191
854,L-HPC,S1500,5,5,46.8,40,12,8.78,506,6.3,0.9,207
855,L-HPC,S1500,5,10,41.8,40,12,4.79,490.2,6.9,0.75,217
856,L-HPC,S1500,5,10,41.8,40,12,8.91,501.2,7.5,0.3,244
857,L-HPC,S1500,5,15,37.8,40,12,4.64,497.3,6.4,0.91,283
858,L-HPC,S1500,5,15,37.8,40,12,8.13,501,7.3,0.6,314
859,L-HPC,S1500,8,5,44.8,40,12,5.1,510,4.2,1.9,161
860,L-HPC,S1500,8,5,44.8,40,12,8.01,499.3,7,0.75,171
861,L-HPC,S1500,8,10,39.8,40,12,5.3,502,5.3,1.4,202
862,L-HPC,S1500,8,10,39.8,40,12,7.98,497.3,7.8,0.66,242
863,L-HPC,S1500,8,15,34.8,40,12,4.97,500,6,0.93,307
864,L-HPC,S1500,8,15,34.8,40,12,7.9,501.3,8.2,0.3,344
